product_id,product_name,category,sub_category,unit_price
1,Product_1,Electronics,Mobiles,9655
2,Product_2,Electronics,Mobiles,45720
3,Product_3,Electronics,Mobiles,39744
4,Product_4,Electronics,Mobiles,46534
5,Product_5,Electronics,Mobiles,27933
6,Product_6,Electronics,Mobiles,27053
7,Product_7,Electronics,Mobiles,31260
8,Product_8,Electronics,Mobiles,4828
9,Product_9,Electronics,Mobiles,26454
10,Product_10,Electronics,Mobiles,47278
11,Product_11,Electronics,Mobiles,26832
12,Product_12,Electronics,Mobiles,13255
13,Product_13,Electronics,Mobiles,510
14,Product_14,Electronics,Mobiles,43672
15,Product_15,Electronics,Mobiles,29313
16,Product_16,Electronics,Mobiles,46082
17,Product_17,Electronics,Laptops,13916
18,Product_18,Electronics,Laptops,23102
19,Product_19,Electronics,Laptops,26085
20,Product_20,Electronics,Laptops,29270
21,Product_21,Electronics,Laptops,26319
22,Product_22,Electronics,Laptops,23482
23,Product_23,Electronics,Laptops,2680
24,Product_24,Electronics,Laptops,41256
25,Product_25,Electronics,Laptops,9664
26,Product_26,Electronics,Laptops,39278
27,Product_27,Electronics,Laptops,31485
28,Product_28,Electronics,Laptops,26873
29,Product_29,Electronics,Laptops,49233
30,Product_30,Electronics,Laptops,43750
31,Product_31,Electronics,Laptops,12427
32,Product_32,Electronics,Laptops,4378
33,Product_33,Electronics,Accessories,5888
34,Product_34,Electronics,Accessories,6464
35,Product_35,Electronics,Accessories,16671
36,Product_36,Electronics,Accessories,6558
37,Product_37,Electronics,Accessories,35715
38,Product_38,Electronics,Accessories,46316
39,Product_39,Electronics,Accessories,9233
40,Product_40,Electronics,Accessories,24041
41,Product_41,Electronics,Accessories,30383
42,Product_42,Electronics,Accessories,4488
43,Product_43,Electronics,Accessories,35055
44,Product_44,Electronics,Accessories,31866
45,Product_45,Electronics,Accessories,1211
46,Product_46,Electronics,Accessories,34666
47,Product_47,Electronics,Accessories,3844
48,Product_48,Electronics,Accessories,44318
49,Product_49,Furniture,Chairs,1383
50,Product_50,Furniture,Chairs,29454
51,Product_51,Furniture,Chairs,46919
52,Product_52,Furniture,Chairs,31032
53,Product_53,Furniture,Chairs,30937
54,Product_54,Furniture,Chairs,34532
55,Product_55,Furniture,Chairs,8200
56,Product_56,Furniture,Chairs,24678
57,Product_57,Furniture,Chairs,27118
58,Product_58,Furniture,Chairs,3764
59,Product_59,Furniture,Chairs,35722
60,Product_60,Furniture,Chairs,46914
61,Product_61,Furniture,Chairs,49141
62,Product_62,Furniture,Chairs,36968
63,Product_63,Furniture,Chairs,44904
64,Product_64,Furniture,Chairs,40719
65,Product_65,Furniture,Tables,9485
66,Product_66,Furniture,Tables,35741
67,Product_67,Furniture,Tables,22505
68,Product_68,Furniture,Tables,29111
69,Product_69,Furniture,Tables,45241
70,Product_70,Furniture,Tables,23266
71,Product_71,Furniture,Tables,49434
72,Product_72,Furniture,Tables,48315
73,Product_73,Furniture,Tables,19509
74,Product_74,Furniture,Tables,17794
75,Product_75,Furniture,Tables,18123
76,Product_76,Furniture,Tables,47317
77,Product_77,Furniture,Tables,9803
78,Product_78,Furniture,Tables,4599
79,Product_79,Furniture,Tables,18056
80,Product_80,Furniture,Tables,4264
81,Product_81,Furniture,Storage,47962
82,Product_82,Furniture,Storage,45669
83,Product_83,Furniture,Storage,20941
84,Product_84,Furniture,Storage,32196
85,Product_85,Furniture,Storage,40901
86,Product_86,Furniture,Storage,28691
87,Product_87,Furniture,Storage,24207
88,Product_88,Furniture,Storage,21588
89,Product_89,Furniture,Storage,8338
90,Product_90,Furniture,Storage,14767
91,Product_91,Furniture,Storage,29851
92,Product_92,Furniture,Storage,935
93,Product_93,Furniture,Storage,36582
94,Product_94,Furniture,Storage,10460
95,Product_95,Furniture,Storage,33128
96,Product_96,Furniture,Storage,21469
97,Product_97,Clothing,Men,26538
98,Product_98,Clothing,Men,7883
99,Product_99,Clothing,Men,16215
100,Product_100,Clothing,Men,34322
101,Product_101,Clothing,Men,41801
102,Product_102,Clothing,Men,24014
103,Product_103,Clothing,Men,33607
104,Product_104,Clothing,Men,37552
105,Product_105,Clothing,Men,3985
106,Product_106,Clothing,Men,12781
107,Product_107,Clothing,Men,16438
108,Product_108,Clothing,Men,43868
109,Product_109,Clothing,Men,17433
110,Product_110,Clothing,Men,1904
111,Product_111,Clothing,Men,6592
112,Product_112,Clothing,Men,37625
113,Product_113,Clothing,Women,871
114,Product_114,Clothing,Women,9478
115,Product_115,Clothing,Women,41154
116,Product_116,Clothing,Women,45311
117,Product_117,Clothing,Women,33907
118,Product_118,Clothing,Women,33528
119,Product_119,Clothing,Women,45625
120,Product_120,Clothing,Women,29527
121,Product_121,Clothing,Women,1645
122,Product_122,Clothing,Women,42628
123,Product_123,Clothing,Women,18863
124,Product_124,Clothing,Women,27738
125,Product_125,Clothing,Women,5525
126,Product_126,Clothing,Women,38660
127,Product_127,Clothing,Women,38980
128,Product_128,Clothing,Women,14476
129,Product_129,Clothing,Kids,39967
130,Product_130,Clothing,Kids,26547
131,Product_131,Clothing,Kids,11258
132,Product_132,Clothing,Kids,21090
133,Product_133,Clothing,Kids,36125
134,Product_134,Clothing,Kids,46362
135,Product_135,Clothing,Kids,17585
136,Product_136,Clothing,Kids,34200
137,Product_137,Clothing,Kids,33063
138,Product_138,Clothing,Kids,31569
139,Product_139,Clothing,Kids,37908
140,Product_140,Clothing,Kids,40063
141,Product_141,Clothing,Kids,19574
142,Product_142,Clothing,Kids,45182
143,Product_143,Clothing,Kids,6935
144,Product_144,Clothing,Kids,39081
145,Product_145,Groceries,Snacks,29090
146,Product_146,Groceries,Snacks,16243
147,Product_147,Groceries,Snacks,14969
148,Product_148,Groceries,Snacks,8840
149,Product_149,Groceries,Snacks,31226
150,Product_150,Groceries,Snacks,28902
151,Product_151,Groceries,Snacks,29632
152,Product_152,Groceries,Snacks,12248
153,Product_153,Groceries,Snacks,28949
154,Product_154,Groceries,Snacks,47446
155,Product_155,Groceries,Snacks,5960
156,Product_156,Groceries,Snacks,21536
157,Product_157,Groceries,Snacks,7499
158,Product_158,Groceries,Snacks,32401
159,Product_159,Groceries,Snacks,32630
160,Product_160,Groceries,Snacks,28842
161,Product_161,Groceries,Beverages,1727
162,Product_162,Groceries,Beverages,10539
163,Product_163,Groceries,Beverages,46737
164,Product_164,Groceries,Beverages,32781
165,Product_165,Groceries,Beverages,43294
166,Product_166,Groceries,Beverages,32240
167,Product_167,Groceries,Beverages,33825
168,Product_168,Groceries,Beverages,37763
169,Product_169,Groceries,Beverages,48845
170,Product_170,Groceries,Beverages,14770
171,Product_171,Groceries,Beverages,6706
172,Product_172,Groceries,Beverages,14492
173,Product_173,Groceries,Beverages,27679
174,Product_174,Groceries,Beverages,44151
175,Product_175,Groceries,Beverages,8742
176,Product_176,Groceries,Beverages,13749
177,Product_177,Groceries,Household,44882
178,Product_178,Groceries,Household,11911
179,Product_179,Groceries,Household,12168
180,Product_180,Groceries,Household,27700
181,Product_181,Groceries,Household,47256
182,Product_182,Groceries,Household,49401
183,Product_183,Groceries,Household,18114
184,Product_184,Groceries,Household,7427
185,Product_185,Groceries,Household,24682
186,Product_186,Groceries,Household,44313
187,Product_187,Groceries,Household,42319
188,Product_188,Groceries,Household,40983
189,Product_189,Groceries,Household,3408
190,Product_190,Groceries,Household,30665
191,Product_191,Groceries,Household,4098
192,Product_192,Groceries,Household,25888
